{
  "anonymize": {
    "operation": "anonymize",
    "total_records": 10000,
    "execution_time_seconds": 2.7234964999988733,
    "throughput_records_per_sec": 3671.750633791575,
    "latency_p50_ms": 1408.8205000007292,
    "latency_p95_ms": 2647.1283000015314,
    "latency_p99_ms": 2718.2416100009505,
    "latency_p999_ms": 2722.618755901476,
    "errors": 0,
    "success_rate": 100.0
  }
}